date,student_id,status
15-03-2026,1,Present
15-03-2026,2,Absent
15-03-2026,3,Absent
15-03-2026,4,Present
15-03-2026,5,Absent
15-03-2026,6,Present
15-03-2026,7,Absent
15-03-2026,8,Present
15-03-2026,9,Present
15-03-2026,10,Absent
15-03-2026,11,Present
15-03-2026,12,Present
15-03-2026,13,Present
15-03-2026,14,Absent
15-03-2026,15,Present
15-03-2026,16,Present
15-03-2026,17,Present
15-03-2026,18,Present
15-03-2026,19,Present
15-03-2026,20,Absent
15-03-2026,21,Present
15-03-2026,22,Present
15-03-2026,23,Absent
15-03-2026,24,Absent
15-03-2026,25,Present
15-03-2026,26,Present
15-03-2026,27,Present
15-03-2026,28,Present
15-03-2026,29,Present
15-03-2026,30,Present
15-03-2026,31,Present
15-03-2026,32,Present
15-03-2026,33,Present
15-03-2026,34,Present
15-03-2026,35,Present
15-03-2026,36,Present
15-03-2026,37,Absent
15-03-2026,38,Present
15-03-2026,39,Present
15-03-2026,40,Present
15-03-2026,41,Present
15-03-2026,42,Present
15-03-2026,43,Present
15-03-2026,44,Present
15-03-2026,45,Present
15-03-2026,46,Present
15-03-2026,47,Absent
15-03-2026,48,Present
15-03-2026,49,Absent
15-03-2026,50,Present
15-03-2026,51,Present
15-03-2026,52,Present
15-03-2026,53,Present
15-03-2026,54,Present
15-03-2026,55,Present
15-03-2026,56,Present
15-03-2026,57,Absent
15-03-2026,58,Present
15-03-2026,59,Present
15-03-2026,60,Present
15-03-2026,61,Present
15-03-2026,62,Absent
15-03-2026,63,Present
15-03-2026,64,Present
15-03-2026,65,Present
15-03-2026,66,Present
15-03-2026,67,Absent
15-03-2026,68,Absent
15-03-2026,69,Absent
15-03-2026,70,Present
15-03-2026,71,Present
15-03-2026,72,Present
15-03-2026,73,Present
15-03-2026,74,Present
15-03-2026,75,Absent
15-03-2026,76,Present
15-03-2026,77,Present
15-03-2026,78,Absent
15-03-2026,79,Absent
15-03-2026,80,Present
15-03-2026,81,Present
15-03-2026,82,Present
15-03-2026,83,Absent
15-03-2026,84,Present
15-03-2026,85,Present
15-03-2026,86,Present
15-03-2026,87,Present
15-03-2026,88,Absent
15-03-2026,89,Present
15-03-2026,90,Present
15-03-2026,91,Present
15-03-2026,92,Present
15-03-2026,93,Present
15-03-2026,94,Present
15-03-2026,95,Present
15-03-2026,96,Present
15-03-2026,97,Present
15-03-2026,98,Present
15-03-2026,99,Present
15-03-2026,100,Present
14-03-2026,1,Present
14-03-2026,2,Present
14-03-2026,3,Present
14-03-2026,4,Present
14-03-2026,5,Present
14-03-2026,6,Present
14-03-2026,7,Absent
14-03-2026,8,Present
14-03-2026,9,Absent
14-03-2026,10,Present
14-03-2026,11,Present
14-03-2026,12,Absent
14-03-2026,13,Present
14-03-2026,14,Present
14-03-2026,15,Present
14-03-2026,16,Absent
14-03-2026,17,Present
14-03-2026,18,Present
14-03-2026,19,Present
14-03-2026,20,Present
14-03-2026,21,Present
14-03-2026,22,Absent
14-03-2026,23,Absent
14-03-2026,24,Present
14-03-2026,25,Present
14-03-2026,26,Present
14-03-2026,27,Absent
14-03-2026,28,Present
14-03-2026,29,Present
14-03-2026,30,Present
14-03-2026,31,Present
14-03-2026,32,Present
14-03-2026,33,Present
14-03-2026,34,Absent
14-03-2026,35,Absent
14-03-2026,36,Present
14-03-2026,37,Absent
14-03-2026,38,Present
14-03-2026,39,Present
14-03-2026,40,Present
14-03-2026,41,Present
14-03-2026,42,Present
14-03-2026,43,Present
14-03-2026,44,Present
14-03-2026,45,Present
14-03-2026,46,Absent
14-03-2026,47,Present
14-03-2026,48,Present
14-03-2026,49,Present
14-03-2026,50,Absent
14-03-2026,51,Present
14-03-2026,52,Present
14-03-2026,53,Present
14-03-2026,54,Present
14-03-2026,55,Present
14-03-2026,56,Absent
14-03-2026,57,Absent
14-03-2026,58,Present
14-03-2026,59,Present
14-03-2026,60,Present
14-03-2026,61,Present
14-03-2026,62,Present
14-03-2026,63,Present
14-03-2026,64,Absent
14-03-2026,65,Present
14-03-2026,66,Absent
14-03-2026,67,Present
14-03-2026,68,Present
14-03-2026,69,Present
14-03-2026,70,Present
14-03-2026,71,Present
14-03-2026,72,Absent
14-03-2026,73,Present
14-03-2026,74,Present
14-03-2026,75,Present
14-03-2026,76,Present
14-03-2026,77,Present
14-03-2026,78,Present
14-03-2026,79,Present
14-03-2026,80,Present
14-03-2026,81,Present
14-03-2026,82,Present
14-03-2026,83,Present
14-03-2026,84,Present
14-03-2026,85,Absent
14-03-2026,86,Present
14-03-2026,87,Present
14-03-2026,88,Present
14-03-2026,89,Present
14-03-2026,90,Present
14-03-2026,91,Present
14-03-2026,92,Present
14-03-2026,93,Absent
14-03-2026,94,Present
14-03-2026,95,Present
14-03-2026,96,Present
14-03-2026,97,Absent
14-03-2026,98,Present
14-03-2026,99,Present
14-03-2026,100,Present
13-03-2026,1,Absent
13-03-2026,2,Present
13-03-2026,3,Absent
13-03-2026,4,Present
13-03-2026,5,Absent
13-03-2026,6,Present
13-03-2026,7,Absent
13-03-2026,8,Absent
13-03-2026,9,Absent
13-03-2026,10,Present
13-03-2026,11,Present
13-03-2026,12,Present
13-03-2026,13,Absent
13-03-2026,14,Present
13-03-2026,15,Absent
13-03-2026,16,Present
13-03-2026,17,Present
13-03-2026,18,Present
13-03-2026,19,Present
13-03-2026,20,Present
13-03-2026,21,Present
13-03-2026,22,Present
13-03-2026,23,Present
13-03-2026,24,Present
13-03-2026,25,Present
13-03-2026,26,Present
13-03-2026,27,Present
13-03-2026,28,Present
13-03-2026,29,Present
13-03-2026,30,Present
13-03-2026,31,Present
13-03-2026,32,Present
13-03-2026,33,Absent
13-03-2026,34,Absent
13-03-2026,35,Present
13-03-2026,36,Present
13-03-2026,37,Present
13-03-2026,38,Present
13-03-2026,39,Present
13-03-2026,40,Present
13-03-2026,41,Present
13-03-2026,42,Absent
13-03-2026,43,Present
13-03-2026,44,Absent
13-03-2026,45,Present
13-03-2026,46,Present
13-03-2026,47,Present
13-03-2026,48,Present
13-03-2026,49,Present
13-03-2026,50,Present
13-03-2026,51,Present
13-03-2026,52,Absent
13-03-2026,53,Present
13-03-2026,54,Present
13-03-2026,55,Present
13-03-2026,56,Present
13-03-2026,57,Present
13-03-2026,58,Present
13-03-2026,59,Present
13-03-2026,60,Present
13-03-2026,61,Present
13-03-2026,62,Present
13-03-2026,63,Present
13-03-2026,64,Present
13-03-2026,65,Present
13-03-2026,66,Present
13-03-2026,67,Present
13-03-2026,68,Absent
13-03-2026,69,Present
13-03-2026,70,Present
13-03-2026,71,Present
13-03-2026,72,Absent
13-03-2026,73,Absent
13-03-2026,74,Absent
13-03-2026,75,Present
13-03-2026,76,Present
13-03-2026,77,Present
13-03-2026,78,Present
13-03-2026,79,Absent
13-03-2026,80,Present
13-03-2026,81,Present
13-03-2026,82,Present
13-03-2026,83,Present
13-03-2026,84,Present
13-03-2026,85,Present
13-03-2026,86,Absent
13-03-2026,87,Present
13-03-2026,88,Present
13-03-2026,89,Present
13-03-2026,90,Present
13-03-2026,91,Present
13-03-2026,92,Present
13-03-2026,93,Present
13-03-2026,94,Present
13-03-2026,95,Present
13-03-2026,96,Present
13-03-2026,97,Present
13-03-2026,98,Present
13-03-2026,99,Present
13-03-2026,100,Present
12-03-2026,1,Present
12-03-2026,2,Present
12-03-2026,3,Present
12-03-2026,4,Present
12-03-2026,5,Present
12-03-2026,6,Present
12-03-2026,7,Present
12-03-2026,8,Present
12-03-2026,9,Present
12-03-2026,10,Present
12-03-2026,11,Present
12-03-2026,12,Present
12-03-2026,13,Present
12-03-2026,14,Present
12-03-2026,15,Present
12-03-2026,16,Present
12-03-2026,17,Present
12-03-2026,18,Present
12-03-2026,19,Absent
12-03-2026,20,Present
12-03-2026,21,Present
12-03-2026,22,Present
12-03-2026,23,Present
12-03-2026,24,Present
12-03-2026,25,Absent
12-03-2026,26,Present
12-03-2026,27,Present
12-03-2026,28,Present
12-03-2026,29,Present
12-03-2026,30,Present
12-03-2026,31,Present
12-03-2026,32,Present
12-03-2026,33,Present
12-03-2026,34,Absent
12-03-2026,35,Present
12-03-2026,36,Present
12-03-2026,37,Present
12-03-2026,38,Present
12-03-2026,39,Present
12-03-2026,40,Present
12-03-2026,41,Present
12-03-2026,42,Absent
12-03-2026,43,Present
12-03-2026,44,Present
12-03-2026,45,Present
12-03-2026,46,Present
12-03-2026,47,Present
12-03-2026,48,Present
12-03-2026,49,Absent
12-03-2026,50,Present
12-03-2026,51,Absent
12-03-2026,52,Present
12-03-2026,53,Present
12-03-2026,54,Present
12-03-2026,55,Present
12-03-2026,56,Present
12-03-2026,57,Present
12-03-2026,58,Present
12-03-2026,59,Present
12-03-2026,60,Present
12-03-2026,61,Present
12-03-2026,62,Present
12-03-2026,63,Present
12-03-2026,64,Present
12-03-2026,65,Present
12-03-2026,66,Present
12-03-2026,67,Present
12-03-2026,68,Present
12-03-2026,69,Present
12-03-2026,70,Present
12-03-2026,71,Present
12-03-2026,72,Present
12-03-2026,73,Present
12-03-2026,74,Present
12-03-2026,75,Present
12-03-2026,76,Absent
12-03-2026,77,Absent
12-03-2026,78,Present
12-03-2026,79,Present
12-03-2026,80,Present
12-03-2026,81,Present
12-03-2026,82,Absent
12-03-2026,83,Present
12-03-2026,84,Absent
12-03-2026,85,Present
12-03-2026,86,Present
12-03-2026,87,Present
12-03-2026,88,Absent
12-03-2026,89,Present
12-03-2026,90,Present
12-03-2026,91,Present
12-03-2026,92,Present
12-03-2026,93,Present
12-03-2026,94,Present
12-03-2026,95,Present
12-03-2026,96,Present
12-03-2026,97,Absent
12-03-2026,98,Present
12-03-2026,99,Present
12-03-2026,100,Present
11-03-2026,1,Present
11-03-2026,2,Present
11-03-2026,3,Present
11-03-2026,4,Present
11-03-2026,5,Present
11-03-2026,6,Present
11-03-2026,7,Present
11-03-2026,8,Present
11-03-2026,9,Present
11-03-2026,10,Present
11-03-2026,11,Present
11-03-2026,12,Present
11-03-2026,13,Present
11-03-2026,14,Present
11-03-2026,15,Present
11-03-2026,16,Present
11-03-2026,17,Present
11-03-2026,18,Present
11-03-2026,19,Present
11-03-2026,20,Present
11-03-2026,21,Present
11-03-2026,22,Absent
11-03-2026,23,Present
11-03-2026,24,Absent
11-03-2026,25,Present
11-03-2026,26,Present
11-03-2026,27,Absent
11-03-2026,28,Absent
11-03-2026,29,Present
11-03-2026,30,Present
11-03-2026,31,Present
11-03-2026,32,Present
11-03-2026,33,Present
11-03-2026,34,Present
11-03-2026,35,Absent
11-03-2026,36,Present
11-03-2026,37,Present
11-03-2026,38,Present
11-03-2026,39,Present
11-03-2026,40,Present
11-03-2026,41,Present
11-03-2026,42,Present
11-03-2026,43,Present
11-03-2026,44,Absent
11-03-2026,45,Present
11-03-2026,46,Present
11-03-2026,47,Present
11-03-2026,48,Present
11-03-2026,49,Absent
11-03-2026,50,Present
11-03-2026,51,Present
11-03-2026,52,Present
11-03-2026,53,Present
11-03-2026,54,Present
11-03-2026,55,Present
11-03-2026,56,Present
11-03-2026,57,Present
11-03-2026,58,Present
11-03-2026,59,Present
11-03-2026,60,Present
11-03-2026,61,Present
11-03-2026,62,Present
11-03-2026,63,Present
11-03-2026,64,Absent
11-03-2026,65,Present
11-03-2026,66,Present
11-03-2026,67,Absent
11-03-2026,68,Present
11-03-2026,69,Present
11-03-2026,70,Present
11-03-2026,71,Present
11-03-2026,72,Present
11-03-2026,73,Present
11-03-2026,74,Present
11-03-2026,75,Absent
11-03-2026,76,Present
11-03-2026,77,Present
11-03-2026,78,Present
11-03-2026,79,Present
11-03-2026,80,Present
11-03-2026,81,Present
11-03-2026,82,Present
11-03-2026,83,Present
11-03-2026,84,Present
11-03-2026,85,Present
11-03-2026,86,Present
11-03-2026,87,Present
11-03-2026,88,Absent
11-03-2026,89,Present
11-03-2026,90,Present
11-03-2026,91,Absent
11-03-2026,92,Absent
11-03-2026,93,Present
11-03-2026,94,Present
11-03-2026,95,Present
11-03-2026,96,Present
11-03-2026,97,Present
11-03-2026,98,Present
11-03-2026,99,Absent
11-03-2026,100,Present
10-03-2026,1,Present
10-03-2026,2,Present
10-03-2026,3,Present
10-03-2026,4,Present
10-03-2026,5,Present
10-03-2026,6,Present
10-03-2026,7,Present
10-03-2026,8,Present
10-03-2026,9,Present
10-03-2026,10,Absent
10-03-2026,11,Present
10-03-2026,12,Present
10-03-2026,13,Present
10-03-2026,14,Present
10-03-2026,15,Present
10-03-2026,16,Present
10-03-2026,17,Present
10-03-2026,18,Present
10-03-2026,19,Present
10-03-2026,20,Present
10-03-2026,21,Present
10-03-2026,22,Present
10-03-2026,23,Present
10-03-2026,24,Present
10-03-2026,25,Present
10-03-2026,26,Present
10-03-2026,27,Present
10-03-2026,28,Present
10-03-2026,29,Present
10-03-2026,30,Present
10-03-2026,31,Present
10-03-2026,32,Present
10-03-2026,33,Present
10-03-2026,34,Absent
10-03-2026,35,Absent
10-03-2026,36,Present
10-03-2026,37,Present
10-03-2026,38,Present
10-03-2026,39,Absent
10-03-2026,40,Present
10-03-2026,41,Absent
10-03-2026,42,Present
10-03-2026,43,Present
10-03-2026,44,Present
10-03-2026,45,Present
10-03-2026,46,Present
10-03-2026,47,Present
10-03-2026,48,Absent
10-03-2026,49,Present
10-03-2026,50,Absent
10-03-2026,51,Present
10-03-2026,52,Absent
10-03-2026,53,Present
10-03-2026,54,Present
10-03-2026,55,Present
10-03-2026,56,Present
10-03-2026,57,Present
10-03-2026,58,Present
10-03-2026,59,Present
10-03-2026,60,Present
10-03-2026,61,Present
10-03-2026,62,Present
10-03-2026,63,Present
10-03-2026,64,Present
10-03-2026,65,Present
10-03-2026,66,Present
10-03-2026,67,Absent
10-03-2026,68,Present
10-03-2026,69,Present
10-03-2026,70,Present
10-03-2026,71,Present
10-03-2026,72,Present
10-03-2026,73,Present
10-03-2026,74,Present
10-03-2026,75,Absent
10-03-2026,76,Present
10-03-2026,77,Absent
10-03-2026,78,Present
10-03-2026,79,Absent
10-03-2026,80,Present
10-03-2026,81,Present
10-03-2026,82,Present
10-03-2026,83,Present
10-03-2026,84,Present
10-03-2026,85,Present
10-03-2026,86,Present
10-03-2026,87,Present
10-03-2026,88,Present
10-03-2026,89,Present
10-03-2026,90,Present
10-03-2026,91,Present
10-03-2026,92,Present
10-03-2026,93,Present
10-03-2026,94,Absent
10-03-2026,95,Present
10-03-2026,96,Present
10-03-2026,97,Present
10-03-2026,98,Present
10-03-2026,99,Present
10-03-2026,100,Present
09-03-2026,1,Present
09-03-2026,2,Present
09-03-2026,3,Present
09-03-2026,4,Present
09-03-2026,5,Present
09-03-2026,6,Present
09-03-2026,7,Absent
09-03-2026,8,Present
09-03-2026,9,Present
09-03-2026,10,Present
09-03-2026,11,Present
09-03-2026,12,Present
09-03-2026,13,Absent
09-03-2026,14,Present
09-03-2026,15,Present
09-03-2026,16,Present
09-03-2026,17,Present
09-03-2026,18,Present
09-03-2026,19,Present
09-03-2026,20,Absent
09-03-2026,21,Present
09-03-2026,22,Present
09-03-2026,23,Absent
09-03-2026,24,Present
09-03-2026,25,Absent
09-03-2026,26,Present
09-03-2026,27,Present
09-03-2026,28,Present
09-03-2026,29,Present
09-03-2026,30,Present
09-03-2026,31,Absent
09-03-2026,32,Present
09-03-2026,33,Present
09-03-2026,34,Absent
09-03-2026,35,Present
09-03-2026,36,Present
09-03-2026,37,Present
09-03-2026,38,Present
09-03-2026,39,Absent
09-03-2026,40,Present
09-03-2026,41,Present
09-03-2026,42,Present
09-03-2026,43,Present
09-03-2026,44,Present
09-03-2026,45,Present
09-03-2026,46,Present
09-03-2026,47,Present
09-03-2026,48,Present
09-03-2026,49,Absent
09-03-2026,50,Present
09-03-2026,51,Present
09-03-2026,52,Present
09-03-2026,53,Absent
09-03-2026,54,Present
09-03-2026,55,Present
09-03-2026,56,Absent
09-03-2026,57,Present
09-03-2026,58,Present
09-03-2026,59,Absent
09-03-2026,60,Present
09-03-2026,61,Present
09-03-2026,62,Present
09-03-2026,63,Present
09-03-2026,64,Present
09-03-2026,65,Present
09-03-2026,66,Present
09-03-2026,67,Present
09-03-2026,68,Present
09-03-2026,69,Present
09-03-2026,70,Absent
09-03-2026,71,Present
09-03-2026,72,Present
09-03-2026,73,Present
09-03-2026,74,Present
09-03-2026,75,Absent
09-03-2026,76,Present
09-03-2026,77,Present
09-03-2026,78,Present
09-03-2026,79,Present
09-03-2026,80,Present
09-03-2026,81,Present
09-03-2026,82,Present
09-03-2026,83,Absent
09-03-2026,84,Present
09-03-2026,85,Present
09-03-2026,86,Present
09-03-2026,87,Present
09-03-2026,88,Present
09-03-2026,89,Present
09-03-2026,90,Absent
09-03-2026,91,Present
09-03-2026,92,Present
09-03-2026,93,Present
09-03-2026,94,Absent
09-03-2026,95,Absent
09-03-2026,96,Present
09-03-2026,97,Present
09-03-2026,98,Present
09-03-2026,99,Present
09-03-2026,100,Present
08-03-2026,1,Present
08-03-2026,2,Present
08-03-2026,3,Present
08-03-2026,4,Present
08-03-2026,5,Present
08-03-2026,6,Absent
08-03-2026,7,Present
08-03-2026,8,Present
08-03-2026,9,Present
08-03-2026,10,Present
08-03-2026,11,Present
08-03-2026,12,Present
08-03-2026,13,Present
08-03-2026,14,Present
08-03-2026,15,Present
08-03-2026,16,Present
08-03-2026,17,Present
08-03-2026,18,Present
08-03-2026,19,Absent
08-03-2026,20,Present
08-03-2026,21,Present
08-03-2026,22,Present
08-03-2026,23,Present
08-03-2026,24,Present
08-03-2026,25,Present
08-03-2026,26,Present
08-03-2026,27,Present
08-03-2026,28,Present
08-03-2026,29,Present
08-03-2026,30,Present
08-03-2026,31,Present
08-03-2026,32,Present
08-03-2026,33,Present
08-03-2026,34,Present
08-03-2026,35,Present
08-03-2026,36,Absent
08-03-2026,37,Present
08-03-2026,38,Present
08-03-2026,39,Present
08-03-2026,40,Present
08-03-2026,41,Absent
08-03-2026,42,Present
08-03-2026,43,Present
08-03-2026,44,Present
08-03-2026,45,Present
08-03-2026,46,Present
08-03-2026,47,Present
08-03-2026,48,Present
08-03-2026,49,Present
08-03-2026,50,Present
08-03-2026,51,Present
08-03-2026,52,Present
08-03-2026,53,Present
08-03-2026,54,Present
08-03-2026,55,Absent
08-03-2026,56,Present
08-03-2026,57,Present
08-03-2026,58,Present
08-03-2026,59,Present
08-03-2026,60,Present
08-03-2026,61,Present
08-03-2026,62,Absent
08-03-2026,63,Present
08-03-2026,64,Absent
08-03-2026,65,Absent
08-03-2026,66,Present
08-03-2026,67,Present
08-03-2026,68,Present
08-03-2026,69,Present
08-03-2026,70,Present
08-03-2026,71,Present
08-03-2026,72,Absent
08-03-2026,73,Present
08-03-2026,74,Present
08-03-2026,75,Present
08-03-2026,76,Present
08-03-2026,77,Present
08-03-2026,78,Absent
08-03-2026,79,Present
08-03-2026,80,Present
08-03-2026,81,Present
08-03-2026,82,Absent
08-03-2026,83,Present
08-03-2026,84,Present
08-03-2026,85,Present
08-03-2026,86,Present
08-03-2026,87,Present
08-03-2026,88,Present
08-03-2026,89,Present
08-03-2026,90,Present
08-03-2026,91,Present
08-03-2026,92,Present
08-03-2026,93,Present
08-03-2026,94,Present
08-03-2026,95,Present
08-03-2026,96,Present
08-03-2026,97,Present
08-03-2026,98,Present
08-03-2026,99,Present
08-03-2026,100,Present
07-03-2026,1,Absent
07-03-2026,2,Present
07-03-2026,3,Present
07-03-2026,4,Present
07-03-2026,5,Present
07-03-2026,6,Present
07-03-2026,7,Absent
07-03-2026,8,Present
07-03-2026,9,Present
07-03-2026,10,Present
07-03-2026,11,Present
07-03-2026,12,Present
07-03-2026,13,Present
07-03-2026,14,Present
07-03-2026,15,Present
07-03-2026,16,Present
07-03-2026,17,Present
07-03-2026,18,Present
07-03-2026,19,Present
07-03-2026,20,Absent
07-03-2026,21,Present
07-03-2026,22,Present
07-03-2026,23,Absent
07-03-2026,24,Present
07-03-2026,25,Present
07-03-2026,26,Present
07-03-2026,27,Present
07-03-2026,28,Absent
07-03-2026,29,Present
07-03-2026,30,Present
07-03-2026,31,Present
07-03-2026,32,Present
07-03-2026,33,Present
07-03-2026,34,Present
07-03-2026,35,Present
07-03-2026,36,Present
07-03-2026,37,Present
07-03-2026,38,Absent
07-03-2026,39,Present
07-03-2026,40,Present
07-03-2026,41,Present
07-03-2026,42,Present
07-03-2026,43,Present
07-03-2026,44,Present
07-03-2026,45,Present
07-03-2026,46,Present
07-03-2026,47,Present
07-03-2026,48,Present
07-03-2026,49,Present
07-03-2026,50,Present
07-03-2026,51,Present
07-03-2026,52,Present
07-03-2026,53,Present
07-03-2026,54,Present
07-03-2026,55,Present
07-03-2026,56,Present
07-03-2026,57,Present
07-03-2026,58,Present
07-03-2026,59,Present
07-03-2026,60,Present
07-03-2026,61,Present
07-03-2026,62,Present
07-03-2026,63,Present
07-03-2026,64,Present
07-03-2026,65,Present
07-03-2026,66,Present
07-03-2026,67,Present
07-03-2026,68,Present
07-03-2026,69,Absent
07-03-2026,70,Present
07-03-2026,71,Present
07-03-2026,72,Present
07-03-2026,73,Present
07-03-2026,74,Present
07-03-2026,75,Present
07-03-2026,76,Present
07-03-2026,77,Present
07-03-2026,78,Present
07-03-2026,79,Present
07-03-2026,80,Present
07-03-2026,81,Absent
07-03-2026,82,Present
07-03-2026,83,Present
07-03-2026,84,Present
07-03-2026,85,Present
07-03-2026,86,Present
07-03-2026,87,Present
07-03-2026,88,Present
07-03-2026,89,Present
07-03-2026,90,Present
07-03-2026,91,Present
07-03-2026,92,Absent
07-03-2026,93,Present
07-03-2026,94,Present
07-03-2026,95,Present
07-03-2026,96,Absent
07-03-2026,97,Present
07-03-2026,98,Absent
07-03-2026,99,Present
07-03-2026,100,Present
06-03-2026,1,Present
06-03-2026,2,Present
06-03-2026,3,Present
06-03-2026,4,Present
06-03-2026,5,Present
06-03-2026,6,Present
06-03-2026,7,Present
06-03-2026,8,Present
06-03-2026,9,Present
06-03-2026,10,Present
06-03-2026,11,Present
06-03-2026,12,Present
06-03-2026,13,Present
06-03-2026,14,Present
06-03-2026,15,Present
06-03-2026,16,Present
06-03-2026,17,Absent
06-03-2026,18,Present
06-03-2026,19,Present
06-03-2026,20,Present
06-03-2026,21,Present
06-03-2026,22,Present
06-03-2026,23,Present
06-03-2026,24,Present
06-03-2026,25,Present
06-03-2026,26,Present
06-03-2026,27,Present
06-03-2026,28,Present
06-03-2026,29,Present
06-03-2026,30,Absent
06-03-2026,31,Present
06-03-2026,32,Present
06-03-2026,33,Present
06-03-2026,34,Present
06-03-2026,35,Present
06-03-2026,36,Present
06-03-2026,37,Present
06-03-2026,38,Present
06-03-2026,39,Present
06-03-2026,40,Present
06-03-2026,41,Present
06-03-2026,42,Present
06-03-2026,43,Present
06-03-2026,44,Absent
06-03-2026,45,Present
06-03-2026,46,Absent
06-03-2026,47,Present
06-03-2026,48,Present
06-03-2026,49,Present
06-03-2026,50,Present
06-03-2026,51,Present
06-03-2026,52,Present
06-03-2026,53,Absent
06-03-2026,54,Present
06-03-2026,55,Present
06-03-2026,56,Present
06-03-2026,57,Present
06-03-2026,58,Present
06-03-2026,59,Present
06-03-2026,60,Present
06-03-2026,61,Present
06-03-2026,62,Absent
06-03-2026,63,Present
06-03-2026,64,Absent
06-03-2026,65,Present
06-03-2026,66,Present
06-03-2026,67,Present
06-03-2026,68,Present
06-03-2026,69,Present
06-03-2026,70,Present
06-03-2026,71,Present
06-03-2026,72,Present
06-03-2026,73,Present
06-03-2026,74,Absent
06-03-2026,75,Present
06-03-2026,76,Present
06-03-2026,77,Present
06-03-2026,78,Present
06-03-2026,79,Present
06-03-2026,80,Present
06-03-2026,81,Present
06-03-2026,82,Absent
06-03-2026,83,Present
06-03-2026,84,Absent
06-03-2026,85,Present
06-03-2026,86,Absent
06-03-2026,87,Present
06-03-2026,88,Present
06-03-2026,89,Present
06-03-2026,90,Present
06-03-2026,91,Present
06-03-2026,92,Absent
06-03-2026,93,Present
06-03-2026,94,Present
06-03-2026,95,Present
06-03-2026,96,Present
06-03-2026,97,Present
06-03-2026,98,Present
06-03-2026,99,Absent
06-03-2026,100,Present
05-03-2026,1,Present
05-03-2026,2,Present
05-03-2026,3,Present
05-03-2026,4,Present
05-03-2026,5,Absent
05-03-2026,6,Present
05-03-2026,7,Present
05-03-2026,8,Present
05-03-2026,9,Present
05-03-2026,10,Absent
05-03-2026,11,Present
05-03-2026,12,Present
05-03-2026,13,Present
05-03-2026,14,Present
05-03-2026,15,Present
05-03-2026,16,Present
05-03-2026,17,Present
05-03-2026,18,Present
05-03-2026,19,Present
05-03-2026,20,Present
05-03-2026,21,Present
05-03-2026,22,Present
05-03-2026,23,Present
05-03-2026,24,Present
05-03-2026,25,Present
05-03-2026,26,Present
05-03-2026,27,Present
05-03-2026,28,Present
05-03-2026,29,Present
05-03-2026,30,Absent
05-03-2026,31,Present
05-03-2026,32,Present
05-03-2026,33,Absent
05-03-2026,34,Present
05-03-2026,35,Present
05-03-2026,36,Present
05-03-2026,37,Present
05-03-2026,38,Present
05-03-2026,39,Present
05-03-2026,40,Present
05-03-2026,41,Present
05-03-2026,42,Present
05-03-2026,43,Present
05-03-2026,44,Present
05-03-2026,45,Present
05-03-2026,46,Present
05-03-2026,47,Present
05-03-2026,48,Absent
05-03-2026,49,Present
05-03-2026,50,Present
05-03-2026,51,Present
05-03-2026,52,Present
05-03-2026,53,Present
05-03-2026,54,Present
05-03-2026,55,Present
05-03-2026,56,Absent
05-03-2026,57,Present
05-03-2026,58,Absent
05-03-2026,59,Present
05-03-2026,60,Present
05-03-2026,61,Absent
05-03-2026,62,Absent
05-03-2026,63,Present
05-03-2026,64,Absent
05-03-2026,65,Present
05-03-2026,66,Present
05-03-2026,67,Present
05-03-2026,68,Present
05-03-2026,69,Present
05-03-2026,70,Present
05-03-2026,71,Present
05-03-2026,72,Absent
05-03-2026,73,Present
05-03-2026,74,Present
05-03-2026,75,Present
05-03-2026,76,Present
05-03-2026,77,Present
05-03-2026,78,Present
05-03-2026,79,Present
05-03-2026,80,Present
05-03-2026,81,Present
05-03-2026,82,Present
05-03-2026,83,Absent
05-03-2026,84,Absent
05-03-2026,85,Present
05-03-2026,86,Absent
05-03-2026,87,Present
05-03-2026,88,Present
05-03-2026,89,Present
05-03-2026,90,Present
05-03-2026,91,Absent
05-03-2026,92,Present
05-03-2026,93,Present
05-03-2026,94,Present
05-03-2026,95,Present
05-03-2026,96,Present
05-03-2026,97,Present
05-03-2026,98,Present
05-03-2026,99,Present
05-03-2026,100,Present
04-03-2026,1,Present
04-03-2026,2,Absent
04-03-2026,3,Absent
04-03-2026,4,Present
04-03-2026,5,Present
04-03-2026,6,Present
04-03-2026,7,Present
04-03-2026,8,Present
04-03-2026,9,Present
04-03-2026,10,Absent
04-03-2026,11,Present
04-03-2026,12,Present
04-03-2026,13,Present
04-03-2026,14,Present
04-03-2026,15,Absent
04-03-2026,16,Present
04-03-2026,17,Present
04-03-2026,18,Present
04-03-2026,19,Present
04-03-2026,20,Present
04-03-2026,21,Present
04-03-2026,22,Present
04-03-2026,23,Present
04-03-2026,24,Present
04-03-2026,25,Present
04-03-2026,26,Present
04-03-2026,27,Present
04-03-2026,28,Absent
04-03-2026,29,Present
04-03-2026,30,Present
04-03-2026,31,Present
04-03-2026,32,Present
04-03-2026,33,Absent
04-03-2026,34,Absent
04-03-2026,35,Present
04-03-2026,36,Present
04-03-2026,37,Present
04-03-2026,38,Present
04-03-2026,39,Absent
04-03-2026,40,Absent
04-03-2026,41,Present
04-03-2026,42,Present
04-03-2026,43,Present
04-03-2026,44,Absent
04-03-2026,45,Present
04-03-2026,46,Present
04-03-2026,47,Present
04-03-2026,48,Present
04-03-2026,49,Present
04-03-2026,50,Present
04-03-2026,51,Present
04-03-2026,52,Present
04-03-2026,53,Present
04-03-2026,54,Present
04-03-2026,55,Present
04-03-2026,56,Present
04-03-2026,57,Present
04-03-2026,58,Absent
04-03-2026,59,Present
04-03-2026,60,Present
04-03-2026,61,Present
04-03-2026,62,Present
04-03-2026,63,Present
04-03-2026,64,Absent
04-03-2026,65,Present
04-03-2026,66,Present
04-03-2026,67,Present
04-03-2026,68,Absent
04-03-2026,69,Present
04-03-2026,70,Absent
04-03-2026,71,Present
04-03-2026,72,Present
04-03-2026,73,Present
04-03-2026,74,Present
04-03-2026,75,Present
04-03-2026,76,Absent
04-03-2026,77,Absent
04-03-2026,78,Absent
04-03-2026,79,Present
04-03-2026,80,Present
04-03-2026,81,Present
04-03-2026,82,Absent
04-03-2026,83,Present
04-03-2026,84,Present
04-03-2026,85,Present
04-03-2026,86,Present
04-03-2026,87,Present
04-03-2026,88,Present
04-03-2026,89,Present
04-03-2026,90,Present
04-03-2026,91,Present
04-03-2026,92,Present
04-03-2026,93,Absent
04-03-2026,94,Absent
04-03-2026,95,Present
04-03-2026,96,Present
04-03-2026,97,Present
04-03-2026,98,Present
04-03-2026,99,Present
04-03-2026,100,Absent
03-03-2026,1,Present
03-03-2026,2,Present
03-03-2026,3,Present
03-03-2026,4,Present
03-03-2026,5,Present
03-03-2026,6,Present
03-03-2026,7,Present
03-03-2026,8,Present
03-03-2026,9,Absent
03-03-2026,10,Present
03-03-2026,11,Absent
03-03-2026,12,Present
03-03-2026,13,Present
03-03-2026,14,Absent
03-03-2026,15,Present
03-03-2026,16,Present
03-03-2026,17,Present
03-03-2026,18,Present
03-03-2026,19,Present
03-03-2026,20,Present
03-03-2026,21,Present
03-03-2026,22,Absent
03-03-2026,23,Present
03-03-2026,24,Present
03-03-2026,25,Absent
03-03-2026,26,Present
03-03-2026,27,Present
03-03-2026,28,Present
03-03-2026,29,Present
03-03-2026,30,Present
03-03-2026,31,Present
03-03-2026,32,Absent
03-03-2026,33,Absent
03-03-2026,34,Present
03-03-2026,35,Present
03-03-2026,36,Absent
03-03-2026,37,Present
03-03-2026,38,Present
03-03-2026,39,Present
03-03-2026,40,Present
03-03-2026,41,Present
03-03-2026,42,Present
03-03-2026,43,Present
03-03-2026,44,Present
03-03-2026,45,Present
03-03-2026,46,Present
03-03-2026,47,Present
03-03-2026,48,Absent
03-03-2026,49,Present
03-03-2026,50,Present
03-03-2026,51,Present
03-03-2026,52,Present
03-03-2026,53,Present
03-03-2026,54,Present
03-03-2026,55,Present
03-03-2026,56,Present
03-03-2026,57,Absent
03-03-2026,58,Absent
03-03-2026,59,Present
03-03-2026,60,Present
03-03-2026,61,Present
03-03-2026,62,Present
03-03-2026,63,Present
03-03-2026,64,Present
03-03-2026,65,Present
03-03-2026,66,Present
03-03-2026,67,Present
03-03-2026,68,Absent
03-03-2026,69,Present
03-03-2026,70,Present
03-03-2026,71,Present
03-03-2026,72,Present
03-03-2026,73,Present
03-03-2026,74,Present
03-03-2026,75,Present
03-03-2026,76,Present
03-03-2026,77,Present
03-03-2026,78,Present
03-03-2026,79,Present
03-03-2026,80,Present
03-03-2026,81,Present
03-03-2026,82,Present
03-03-2026,83,Absent
03-03-2026,84,Present
03-03-2026,85,Present
03-03-2026,86,Absent
03-03-2026,87,Present
03-03-2026,88,Present
03-03-2026,89,Present
03-03-2026,90,Absent
03-03-2026,91,Present
03-03-2026,92,Present
03-03-2026,93,Absent
03-03-2026,94,Present
03-03-2026,95,Present
03-03-2026,96,Present
03-03-2026,97,Present
03-03-2026,98,Present
03-03-2026,99,Present
03-03-2026,100,Absent
02-03-2026,1,Present
02-03-2026,2,Present
02-03-2026,3,Present
02-03-2026,4,Present
02-03-2026,5,Absent
02-03-2026,6,Present
02-03-2026,7,Present
02-03-2026,8,Present
02-03-2026,9,Present
02-03-2026,10,Present
02-03-2026,11,Present
02-03-2026,12,Present
02-03-2026,13,Present
02-03-2026,14,Present
02-03-2026,15,Present
02-03-2026,16,Present
02-03-2026,17,Present
02-03-2026,18,Present
02-03-2026,19,Present
02-03-2026,20,Present
02-03-2026,21,Present
02-03-2026,22,Present
02-03-2026,23,Present
02-03-2026,24,Present
02-03-2026,25,Present
02-03-2026,26,Present
02-03-2026,27,Absent
02-03-2026,28,Present
02-03-2026,29,Present
02-03-2026,30,Absent
02-03-2026,31,Present
02-03-2026,32,Present
02-03-2026,33,Present
02-03-2026,34,Present
02-03-2026,35,Present
02-03-2026,36,Present
02-03-2026,37,Present
02-03-2026,38,Present
02-03-2026,39,Present
02-03-2026,40,Absent
02-03-2026,41,Present
02-03-2026,42,Absent
02-03-2026,43,Present
02-03-2026,44,Present
02-03-2026,45,Present
02-03-2026,46,Present
02-03-2026,47,Present
02-03-2026,48,Present
02-03-2026,49,Present
02-03-2026,50,Present
02-03-2026,51,Present
02-03-2026,52,Present
02-03-2026,53,Present
02-03-2026,54,Absent
02-03-2026,55,Present
02-03-2026,56,Present
02-03-2026,57,Present
02-03-2026,58,Present
02-03-2026,59,Present
02-03-2026,60,Absent
02-03-2026,61,Present
02-03-2026,62,Present
02-03-2026,63,Present
02-03-2026,64,Present
02-03-2026,65,Present
02-03-2026,66,Present
02-03-2026,67,Present
02-03-2026,68,Present
02-03-2026,69,Absent
02-03-2026,70,Present
02-03-2026,71,Present
02-03-2026,72,Absent
02-03-2026,73,Present
02-03-2026,74,Present
02-03-2026,75,Present
02-03-2026,76,Present
02-03-2026,77,Present
02-03-2026,78,Present
02-03-2026,79,Present
02-03-2026,80,Present
02-03-2026,81,Present
02-03-2026,82,Present
02-03-2026,83,Absent
02-03-2026,84,Present
02-03-2026,85,Present
02-03-2026,86,Present
02-03-2026,87,Present
02-03-2026,88,Present
02-03-2026,89,Present
02-03-2026,90,Present
02-03-2026,91,Present
02-03-2026,92,Present
02-03-2026,93,Present
02-03-2026,94,Present
02-03-2026,95,Absent
02-03-2026,96,Present
02-03-2026,97,Present
02-03-2026,98,Present
02-03-2026,99,Present
02-03-2026,100,Present
01-03-2026,1,Present
01-03-2026,2,Present
01-03-2026,3,Present
01-03-2026,4,Present
01-03-2026,5,Present
01-03-2026,6,Present
01-03-2026,7,Present
01-03-2026,8,Present
01-03-2026,9,Present
01-03-2026,10,Present
01-03-2026,11,Present
01-03-2026,12,Present
01-03-2026,13,Present
01-03-2026,14,Present
01-03-2026,15,Present
01-03-2026,16,Present
01-03-2026,17,Present
01-03-2026,18,Present
01-03-2026,19,Absent
01-03-2026,20,Present
01-03-2026,21,Present
01-03-2026,22,Present
01-03-2026,23,Present
01-03-2026,24,Present
01-03-2026,25,Present
01-03-2026,26,Present
01-03-2026,27,Absent
01-03-2026,28,Present
01-03-2026,29,Present
01-03-2026,30,Present
01-03-2026,31,Present
01-03-2026,32,Present
01-03-2026,33,Absent
01-03-2026,34,Absent
01-03-2026,35,Present
01-03-2026,36,Present
01-03-2026,37,Present
01-03-2026,38,Present
01-03-2026,39,Absent
01-03-2026,40,Present
01-03-2026,41,Present
01-03-2026,42,Present
01-03-2026,43,Present
01-03-2026,44,Present
01-03-2026,45,Present
01-03-2026,46,Absent
01-03-2026,47,Present
01-03-2026,48,Present
01-03-2026,49,Present
01-03-2026,50,Present
01-03-2026,51,Present
01-03-2026,52,Absent
01-03-2026,53,Present
01-03-2026,54,Present
01-03-2026,55,Present
01-03-2026,56,Absent
01-03-2026,57,Present
01-03-2026,58,Present
01-03-2026,59,Present
01-03-2026,60,Present
01-03-2026,61,Present
01-03-2026,62,Present
01-03-2026,63,Present
01-03-2026,64,Present
01-03-2026,65,Present
01-03-2026,66,Present
01-03-2026,67,Present
01-03-2026,68,Present
01-03-2026,69,Present
01-03-2026,70,Present
01-03-2026,71,Absent
01-03-2026,72,Present
01-03-2026,73,Present
01-03-2026,74,Present
01-03-2026,75,Present
01-03-2026,76,Present
01-03-2026,77,Present
01-03-2026,78,Present
01-03-2026,79,Present
01-03-2026,80,Present
01-03-2026,81,Present
01-03-2026,82,Present
01-03-2026,83,Present
01-03-2026,84,Present
01-03-2026,85,Present
01-03-2026,86,Absent
01-03-2026,87,Present
01-03-2026,88,Present
01-03-2026,89,Present
01-03-2026,90,Present
01-03-2026,91,Present
01-03-2026,92,Present
01-03-2026,93,Present
01-03-2026,94,Present
01-03-2026,95,Present
01-03-2026,96,Present
01-03-2026,97,Present
01-03-2026,98,Absent
01-03-2026,99,Present
01-03-2026,100,Present
28-02-2026,1,Present
28-02-2026,2,Present
28-02-2026,3,Present
28-02-2026,4,Present
28-02-2026,5,Absent
28-02-2026,6,Present
28-02-2026,7,Present
28-02-2026,8,Present
28-02-2026,9,Present
28-02-2026,10,Present
28-02-2026,11,Present
28-02-2026,12,Present
28-02-2026,13,Present
28-02-2026,14,Present
28-02-2026,15,Present
28-02-2026,16,Present
28-02-2026,17,Present
28-02-2026,18,Present
28-02-2026,19,Present
28-02-2026,20,Present
28-02-2026,21,Present
28-02-2026,22,Absent
28-02-2026,23,Absent
28-02-2026,24,Present
28-02-2026,25,Present
28-02-2026,26,Present
28-02-2026,27,Present
28-02-2026,28,Present
28-02-2026,29,Present
28-02-2026,30,Present
28-02-2026,31,Present
28-02-2026,32,Present
28-02-2026,33,Absent
28-02-2026,34,Present
28-02-2026,35,Absent
28-02-2026,36,Present
28-02-2026,37,Present
28-02-2026,38,Present
28-02-2026,39,Absent
28-02-2026,40,Present
28-02-2026,41,Present
28-02-2026,42,Present
28-02-2026,43,Present
28-02-2026,44,Present
28-02-2026,45,Present
28-02-2026,46,Present
28-02-2026,47,Present
28-02-2026,48,Present
28-02-2026,49,Present
28-02-2026,50,Absent
28-02-2026,51,Present
28-02-2026,52,Present
28-02-2026,53,Present
28-02-2026,54,Present
28-02-2026,55,Absent
28-02-2026,56,Present
28-02-2026,57,Absent
28-02-2026,58,Present
28-02-2026,59,Absent
28-02-2026,60,Present
28-02-2026,61,Absent
28-02-2026,62,Absent
28-02-2026,63,Present
28-02-2026,64,Present
28-02-2026,65,Present
28-02-2026,66,Present
28-02-2026,67,Present
28-02-2026,68,Present
28-02-2026,69,Present
28-02-2026,70,Present
28-02-2026,71,Present
28-02-2026,72,Present
28-02-2026,73,Present
28-02-2026,74,Present
28-02-2026,75,Present
28-02-2026,76,Present
28-02-2026,77,Present
28-02-2026,78,Present
28-02-2026,79,Present
28-02-2026,80,Present
28-02-2026,81,Present
28-02-2026,82,Present
28-02-2026,83,Absent
28-02-2026,84,Present
28-02-2026,85,Present
28-02-2026,86,Present
28-02-2026,87,Present
28-02-2026,88,Present
28-02-2026,89,Absent
28-02-2026,90,Present
28-02-2026,91,Absent
28-02-2026,92,Present
28-02-2026,93,Present
28-02-2026,94,Present
28-02-2026,95,Present
28-02-2026,96,Present
28-02-2026,97,Absent
28-02-2026,98,Present
28-02-2026,99,Present
28-02-2026,100,Present
27-02-2026,1,Present
27-02-2026,2,Present
27-02-2026,3,Present
27-02-2026,4,Absent
27-02-2026,5,Present
27-02-2026,6,Present
27-02-2026,7,Present
27-02-2026,8,Present
27-02-2026,9,Present
27-02-2026,10,Present
27-02-2026,11,Present
27-02-2026,12,Present
27-02-2026,13,Present
27-02-2026,14,Present
27-02-2026,15,Present
27-02-2026,16,Present
27-02-2026,17,Present
27-02-2026,18,Present
27-02-2026,19,Present
27-02-2026,20,Present
27-02-2026,21,Present
27-02-2026,22,Present
27-02-2026,23,Present
27-02-2026,24,Present
27-02-2026,25,Present
27-02-2026,26,Present
27-02-2026,27,Present
27-02-2026,28,Present
27-02-2026,29,Present
27-02-2026,30,Present
27-02-2026,31,Present
27-02-2026,32,Present
27-02-2026,33,Present
27-02-2026,34,Present
27-02-2026,35,Present
27-02-2026,36,Absent
27-02-2026,37,Present
27-02-2026,38,Present
27-02-2026,39,Absent
27-02-2026,40,Present
27-02-2026,41,Absent
27-02-2026,42,Present
27-02-2026,43,Present
27-02-2026,44,Present
27-02-2026,45,Present
27-02-2026,46,Present
27-02-2026,47,Present
27-02-2026,48,Present
27-02-2026,49,Present
27-02-2026,50,Present
27-02-2026,51,Present
27-02-2026,52,Present
27-02-2026,53,Present
27-02-2026,54,Present
27-02-2026,55,Present
27-02-2026,56,Present
27-02-2026,57,Present
27-02-2026,58,Present
27-02-2026,59,Present
27-02-2026,60,Present
27-02-2026,61,Present
27-02-2026,62,Present
27-02-2026,63,Present
27-02-2026,64,Present
27-02-2026,65,Present
27-02-2026,66,Present
27-02-2026,67,Present
27-02-2026,68,Absent
27-02-2026,69,Present
27-02-2026,70,Present
27-02-2026,71,Absent
27-02-2026,72,Present
27-02-2026,73,Present
27-02-2026,74,Present
27-02-2026,75,Present
27-02-2026,76,Present
27-02-2026,77,Present
27-02-2026,78,Present
27-02-2026,79,Absent
27-02-2026,80,Present
27-02-2026,81,Present
27-02-2026,82,Present
27-02-2026,83,Present
27-02-2026,84,Present
27-02-2026,85,Present
27-02-2026,86,Absent
27-02-2026,87,Present
27-02-2026,88,Present
27-02-2026,89,Present
27-02-2026,90,Present
27-02-2026,91,Present
27-02-2026,92,Present
27-02-2026,93,Present
27-02-2026,94,Present
27-02-2026,95,Present
27-02-2026,96,Present
27-02-2026,97,Present
27-02-2026,98,Present
27-02-2026,99,Present
27-02-2026,100,Present
26-02-2026,1,Present
26-02-2026,2,Present
26-02-2026,3,Present
26-02-2026,4,Present
26-02-2026,5,Present
26-02-2026,6,Present
26-02-2026,7,Present
26-02-2026,8,Present
26-02-2026,9,Present
26-02-2026,10,Absent
26-02-2026,11,Absent
26-02-2026,12,Present
26-02-2026,13,Present
26-02-2026,14,Present
26-02-2026,15,Present
26-02-2026,16,Present
26-02-2026,17,Absent
26-02-2026,18,Present
26-02-2026,19,Present
26-02-2026,20,Present
26-02-2026,21,Absent
26-02-2026,22,Present
26-02-2026,23,Absent
26-02-2026,24,Present
26-02-2026,25,Absent
26-02-2026,26,Present
26-02-2026,27,Present
26-02-2026,28,Present
26-02-2026,29,Present
26-02-2026,30,Present
26-02-2026,31,Absent
26-02-2026,32,Present
26-02-2026,33,Absent
26-02-2026,34,Present
26-02-2026,35,Absent
26-02-2026,36,Present
26-02-2026,37,Present
26-02-2026,38,Present
26-02-2026,39,Present
26-02-2026,40,Present
26-02-2026,41,Present
26-02-2026,42,Present
26-02-2026,43,Absent
26-02-2026,44,Present
26-02-2026,45,Present
26-02-2026,46,Present
26-02-2026,47,Absent
26-02-2026,48,Present
26-02-2026,49,Present
26-02-2026,50,Present
26-02-2026,51,Present
26-02-2026,52,Present
26-02-2026,53,Absent
26-02-2026,54,Present
26-02-2026,55,Present
26-02-2026,56,Present
26-02-2026,57,Absent
26-02-2026,58,Absent
26-02-2026,59,Present
26-02-2026,60,Present
26-02-2026,61,Present
26-02-2026,62,Present
26-02-2026,63,Absent
26-02-2026,64,Present
26-02-2026,65,Present
26-02-2026,66,Present
26-02-2026,67,Present
26-02-2026,68,Present
26-02-2026,69,Present
26-02-2026,70,Present
26-02-2026,71,Present
26-02-2026,72,Present
26-02-2026,73,Present
26-02-2026,74,Present
26-02-2026,75,Present
26-02-2026,76,Present
26-02-2026,77,Present
26-02-2026,78,Present
26-02-2026,79,Present
26-02-2026,80,Present
26-02-2026,81,Present
26-02-2026,82,Present
26-02-2026,83,Absent
26-02-2026,84,Present
26-02-2026,85,Absent
26-02-2026,86,Present
26-02-2026,87,Present
26-02-2026,88,Present
26-02-2026,89,Present
26-02-2026,90,Present
26-02-2026,91,Absent
26-02-2026,92,Absent
26-02-2026,93,Present
26-02-2026,94,Present
26-02-2026,95,Present
26-02-2026,96,Present
26-02-2026,97,Present
26-02-2026,98,Present
26-02-2026,99,Present
26-02-2026,100,Present
25-02-2026,1,Present
25-02-2026,2,Present
25-02-2026,3,Present
25-02-2026,4,Present
25-02-2026,5,Present
25-02-2026,6,Present
25-02-2026,7,Present
25-02-2026,8,Absent
25-02-2026,9,Present
25-02-2026,10,Present
25-02-2026,11,Absent
25-02-2026,12,Present
25-02-2026,13,Present
25-02-2026,14,Absent
25-02-2026,15,Present
25-02-2026,16,Present
25-02-2026,17,Present
25-02-2026,18,Present
25-02-2026,19,Present
25-02-2026,20,Present
25-02-2026,21,Present
25-02-2026,22,Present
25-02-2026,23,Present
25-02-2026,24,Present
25-02-2026,25,Present
25-02-2026,26,Present
25-02-2026,27,Present
25-02-2026,28,Absent
25-02-2026,29,Present
25-02-2026,30,Absent
25-02-2026,31,Present
25-02-2026,32,Present
25-02-2026,33,Present
25-02-2026,34,Present
25-02-2026,35,Present
25-02-2026,36,Absent
25-02-2026,37,Present
25-02-2026,38,Present
25-02-2026,39,Present
25-02-2026,40,Absent
25-02-2026,41,Absent
25-02-2026,42,Absent
25-02-2026,43,Present
25-02-2026,44,Present
25-02-2026,45,Absent
25-02-2026,46,Present
25-02-2026,47,Present
25-02-2026,48,Present
25-02-2026,49,Present
25-02-2026,50,Present
25-02-2026,51,Present
25-02-2026,52,Present
25-02-2026,53,Present
25-02-2026,54,Present
25-02-2026,55,Present
25-02-2026,56,Present
25-02-2026,57,Present
25-02-2026,58,Present
25-02-2026,59,Present
25-02-2026,60,Present
25-02-2026,61,Present
25-02-2026,62,Present
25-02-2026,63,Present
25-02-2026,64,Absent
25-02-2026,65,Present
25-02-2026,66,Absent
25-02-2026,67,Present
25-02-2026,68,Present
25-02-2026,69,Present
25-02-2026,70,Present
25-02-2026,71,Absent
25-02-2026,72,Present
25-02-2026,73,Present
25-02-2026,74,Present
25-02-2026,75,Present
25-02-2026,76,Present
25-02-2026,77,Absent
25-02-2026,78,Present
25-02-2026,79,Present
25-02-2026,80,Present
25-02-2026,81,Present
25-02-2026,82,Present
25-02-2026,83,Present
25-02-2026,84,Present
25-02-2026,85,Present
25-02-2026,86,Present
25-02-2026,87,Present
25-02-2026,88,Present
25-02-2026,89,Present
25-02-2026,90,Absent
25-02-2026,91,Present
25-02-2026,92,Present
25-02-2026,93,Present
25-02-2026,94,Absent
25-02-2026,95,Present
25-02-2026,96,Present
25-02-2026,97,Present
25-02-2026,98,Present
25-02-2026,99,Present
25-02-2026,100,Absent
24-02-2026,1,Present
24-02-2026,2,Absent
24-02-2026,3,Present
24-02-2026,4,Present
24-02-2026,5,Present
24-02-2026,6,Present
24-02-2026,7,Present
24-02-2026,8,Absent
24-02-2026,9,Present
24-02-2026,10,Present
24-02-2026,11,Present
24-02-2026,12,Present
24-02-2026,13,Present
24-02-2026,14,Present
24-02-2026,15,Present
24-02-2026,16,Present
24-02-2026,17,Absent
24-02-2026,18,Absent
24-02-2026,19,Present
24-02-2026,20,Present
24-02-2026,21,Present
24-02-2026,22,Absent
24-02-2026,23,Present
24-02-2026,24,Present
24-02-2026,25,Present
24-02-2026,26,Present
24-02-2026,27,Present
24-02-2026,28,Present
24-02-2026,29,Present
24-02-2026,30,Present
24-02-2026,31,Present
24-02-2026,32,Present
24-02-2026,33,Present
24-02-2026,34,Present
24-02-2026,35,Present
24-02-2026,36,Present
24-02-2026,37,Present
24-02-2026,38,Absent
24-02-2026,39,Present
24-02-2026,40,Present
24-02-2026,41,Present
24-02-2026,42,Absent
24-02-2026,43,Present
24-02-2026,44,Present
24-02-2026,45,Present
24-02-2026,46,Present
24-02-2026,47,Present
24-02-2026,48,Present
24-02-2026,49,Present
24-02-2026,50,Present
24-02-2026,51,Present
24-02-2026,52,Absent
24-02-2026,53,Present
24-02-2026,54,Present
24-02-2026,55,Present
24-02-2026,56,Present
24-02-2026,57,Present
24-02-2026,58,Present
24-02-2026,59,Absent
24-02-2026,60,Present
24-02-2026,61,Absent
24-02-2026,62,Present
24-02-2026,63,Present
24-02-2026,64,Present
24-02-2026,65,Present
24-02-2026,66,Present
24-02-2026,67,Present
24-02-2026,68,Present
24-02-2026,69,Present
24-02-2026,70,Present
24-02-2026,71,Present
24-02-2026,72,Present
24-02-2026,73,Present
24-02-2026,74,Present
24-02-2026,75,Present
24-02-2026,76,Absent
24-02-2026,77,Present
24-02-2026,78,Present
24-02-2026,79,Present
24-02-2026,80,Present
24-02-2026,81,Present
24-02-2026,82,Present
24-02-2026,83,Present
24-02-2026,84,Present
24-02-2026,85,Present
24-02-2026,86,Present
24-02-2026,87,Present
24-02-2026,88,Present
24-02-2026,89,Absent
24-02-2026,90,Present
24-02-2026,91,Absent
24-02-2026,92,Present
24-02-2026,93,Present
24-02-2026,94,Present
24-02-2026,95,Present
24-02-2026,96,Present
24-02-2026,97,Present
24-02-2026,98,Present
24-02-2026,99,Present
24-02-2026,100,Absent
23-02-2026,1,Present
23-02-2026,2,Present
23-02-2026,3,Absent
23-02-2026,4,Present
23-02-2026,5,Present
23-02-2026,6,Absent
23-02-2026,7,Present
23-02-2026,8,Present
23-02-2026,9,Present
23-02-2026,10,Present
23-02-2026,11,Absent
23-02-2026,12,Present
23-02-2026,13,Present
23-02-2026,14,Present
23-02-2026,15,Present
23-02-2026,16,Present
23-02-2026,17,Present
23-02-2026,18,Present
23-02-2026,19,Present
23-02-2026,20,Present
23-02-2026,21,Present
23-02-2026,22,Absent
23-02-2026,23,Present
23-02-2026,24,Present
23-02-2026,25,Absent
23-02-2026,26,Present
23-02-2026,27,Present
23-02-2026,28,Absent
23-02-2026,29,Present
23-02-2026,30,Present
23-02-2026,31,Absent
23-02-2026,32,Absent
23-02-2026,33,Present
23-02-2026,34,Present
23-02-2026,35,Present
23-02-2026,36,Present
23-02-2026,37,Present
23-02-2026,38,Absent
23-02-2026,39,Absent
23-02-2026,40,Absent
23-02-2026,41,Present
23-02-2026,42,Present
23-02-2026,43,Present
23-02-2026,44,Present
23-02-2026,45,Present
23-02-2026,46,Present
23-02-2026,47,Present
23-02-2026,48,Present
23-02-2026,49,Present
23-02-2026,50,Present
23-02-2026,51,Present
23-02-2026,52,Absent
23-02-2026,53,Present
23-02-2026,54,Present
23-02-2026,55,Present
23-02-2026,56,Absent
23-02-2026,57,Present
23-02-2026,58,Absent
23-02-2026,59,Present
23-02-2026,60,Present
23-02-2026,61,Present
23-02-2026,62,Absent
23-02-2026,63,Present
23-02-2026,64,Present
23-02-2026,65,Present
23-02-2026,66,Absent
23-02-2026,67,Present
23-02-2026,68,Absent
23-02-2026,69,Present
23-02-2026,70,Absent
23-02-2026,71,Present
23-02-2026,72,Present
23-02-2026,73,Absent
23-02-2026,74,Present
23-02-2026,75,Present
23-02-2026,76,Present
23-02-2026,77,Absent
23-02-2026,78,Present
23-02-2026,79,Present
23-02-2026,80,Absent
23-02-2026,81,Present
23-02-2026,82,Present
23-02-2026,83,Present
23-02-2026,84,Present
23-02-2026,85,Present
23-02-2026,86,Present
23-02-2026,87,Present
23-02-2026,88,Present
23-02-2026,89,Present
23-02-2026,90,Present
23-02-2026,91,Present
23-02-2026,92,Absent
23-02-2026,93,Present
23-02-2026,94,Present
23-02-2026,95,Present
23-02-2026,96,Present
23-02-2026,97,Present
23-02-2026,98,Present
23-02-2026,99,Present
23-02-2026,100,Absent
22-02-2026,1,Present
22-02-2026,2,Absent
22-02-2026,3,Absent
22-02-2026,4,Present
22-02-2026,5,Present
22-02-2026,6,Present
22-02-2026,7,Present
22-02-2026,8,Present
22-02-2026,9,Present
22-02-2026,10,Present
22-02-2026,11,Present
22-02-2026,12,Present
22-02-2026,13,Present
22-02-2026,14,Present
22-02-2026,15,Present
22-02-2026,16,Present
22-02-2026,17,Present
22-02-2026,18,Present
22-02-2026,19,Present
22-02-2026,20,Present
22-02-2026,21,Present
22-02-2026,22,Present
22-02-2026,23,Present
22-02-2026,24,Absent
22-02-2026,25,Present
22-02-2026,26,Present
22-02-2026,27,Present
22-02-2026,28,Present
22-02-2026,29,Present
22-02-2026,30,Present
22-02-2026,31,Absent
22-02-2026,32,Present
22-02-2026,33,Absent
22-02-2026,34,Absent
22-02-2026,35,Present
22-02-2026,36,Present
22-02-2026,37,Present
22-02-2026,38,Present
22-02-2026,39,Absent
22-02-2026,40,Present
22-02-2026,41,Present
22-02-2026,42,Present
22-02-2026,43,Absent
22-02-2026,44,Present
22-02-2026,45,Present
22-02-2026,46,Present
22-02-2026,47,Present
22-02-2026,48,Present
22-02-2026,49,Present
22-02-2026,50,Present
22-02-2026,51,Present
22-02-2026,52,Present
22-02-2026,53,Present
22-02-2026,54,Present
22-02-2026,55,Present
22-02-2026,56,Present
22-02-2026,57,Present
22-02-2026,58,Present
22-02-2026,59,Present
22-02-2026,60,Absent
22-02-2026,61,Present
22-02-2026,62,Present
22-02-2026,63,Present
22-02-2026,64,Present
22-02-2026,65,Present
22-02-2026,66,Present
22-02-2026,67,Present
22-02-2026,68,Present
22-02-2026,69,Present
22-02-2026,70,Present
22-02-2026,71,Present
22-02-2026,72,Present
22-02-2026,73,Present
22-02-2026,74,Present
22-02-2026,75,Present
22-02-2026,76,Present
22-02-2026,77,Absent
22-02-2026,78,Present
22-02-2026,79,Absent
22-02-2026,80,Present
22-02-2026,81,Present
22-02-2026,82,Present
22-02-2026,83,Present
22-02-2026,84,Present
22-02-2026,85,Present
22-02-2026,86,Present
22-02-2026,87,Absent
22-02-2026,88,Present
22-02-2026,89,Absent
22-02-2026,90,Present
22-02-2026,91,Absent
22-02-2026,92,Present
22-02-2026,93,Present
22-02-2026,94,Absent
22-02-2026,95,Absent
22-02-2026,96,Absent
22-02-2026,97,Present
22-02-2026,98,Present
22-02-2026,99,Present
22-02-2026,100,Present
21-02-2026,1,Present
21-02-2026,2,Present
21-02-2026,3,Present
21-02-2026,4,Present
21-02-2026,5,Absent
21-02-2026,6,Present
21-02-2026,7,Present
21-02-2026,8,Present
21-02-2026,9,Absent
21-02-2026,10,Present
21-02-2026,11,Present
21-02-2026,12,Present
21-02-2026,13,Present
21-02-2026,14,Present
21-02-2026,15,Present
21-02-2026,16,Present
21-02-2026,17,Present
21-02-2026,18,Absent
21-02-2026,19,Present
21-02-2026,20,Present
21-02-2026,21,Present
21-02-2026,22,Present
21-02-2026,23,Absent
21-02-2026,24,Present
21-02-2026,25,Present
21-02-2026,26,Present
21-02-2026,27,Present
21-02-2026,28,Present
21-02-2026,29,Absent
21-02-2026,30,Present
21-02-2026,31,Present
21-02-2026,32,Present
21-02-2026,33,Present
21-02-2026,34,Present
21-02-2026,35,Present
21-02-2026,36,Present
21-02-2026,37,Present
21-02-2026,38,Present
21-02-2026,39,Absent
21-02-2026,40,Present
21-02-2026,41,Absent
21-02-2026,42,Present
21-02-2026,43,Present
21-02-2026,44,Present
21-02-2026,45,Present
21-02-2026,46,Absent
21-02-2026,47,Present
21-02-2026,48,Present
21-02-2026,49,Present
21-02-2026,50,Present
21-02-2026,51,Present
21-02-2026,52,Present
21-02-2026,53,Present
21-02-2026,54,Present
21-02-2026,55,Present
21-02-2026,56,Present
21-02-2026,57,Present
21-02-2026,58,Present
21-02-2026,59,Present
21-02-2026,60,Present
21-02-2026,61,Present
21-02-2026,62,Absent
21-02-2026,63,Present
21-02-2026,64,Present
21-02-2026,65,Present
21-02-2026,66,Present
21-02-2026,67,Absent
21-02-2026,68,Present
21-02-2026,69,Present
21-02-2026,70,Present
21-02-2026,71,Present
21-02-2026,72,Present
21-02-2026,73,Present
21-02-2026,74,Present
21-02-2026,75,Present
21-02-2026,76,Absent
21-02-2026,77,Present
21-02-2026,78,Present
21-02-2026,79,Present
21-02-2026,80,Present
21-02-2026,81,Present
21-02-2026,82,Present
21-02-2026,83,Present
21-02-2026,84,Absent
21-02-2026,85,Present
21-02-2026,86,Present
21-02-2026,87,Present
21-02-2026,88,Present
21-02-2026,89,Present
21-02-2026,90,Present
21-02-2026,91,Present
21-02-2026,92,Present
21-02-2026,93,Absent
21-02-2026,94,Present
21-02-2026,95,Present
21-02-2026,96,Present
21-02-2026,97,Present
21-02-2026,98,Present
21-02-2026,99,Present
21-02-2026,100,Present
20-02-2026,1,Present
20-02-2026,2,Present
20-02-2026,3,Present
20-02-2026,4,Present
20-02-2026,5,Present
20-02-2026,6,Present
20-02-2026,7,Present
20-02-2026,8,Present
20-02-2026,9,Present
20-02-2026,10,Present
20-02-2026,11,Present
20-02-2026,12,Present
20-02-2026,13,Present
20-02-2026,14,Present
20-02-2026,15,Absent
20-02-2026,16,Present
20-02-2026,17,Absent
20-02-2026,18,Present
20-02-2026,19,Present
20-02-2026,20,Present
20-02-2026,21,Present
20-02-2026,22,Present
20-02-2026,23,Present
20-02-2026,24,Present
20-02-2026,25,Present
20-02-2026,26,Absent
20-02-2026,27,Present
20-02-2026,28,Present
20-02-2026,29,Absent
20-02-2026,30,Present
20-02-2026,31,Present
20-02-2026,32,Present
20-02-2026,33,Present
20-02-2026,34,Present
20-02-2026,35,Absent
20-02-2026,36,Present
20-02-2026,37,Present
20-02-2026,38,Present
20-02-2026,39,Absent
20-02-2026,40,Present
20-02-2026,41,Present
20-02-2026,42,Present
20-02-2026,43,Present
20-02-2026,44,Present
20-02-2026,45,Present
20-02-2026,46,Present
20-02-2026,47,Absent
20-02-2026,48,Present
20-02-2026,49,Present
20-02-2026,50,Absent
20-02-2026,51,Present
20-02-2026,52,Present
20-02-2026,53,Present
20-02-2026,54,Present
20-02-2026,55,Absent
20-02-2026,56,Present
20-02-2026,57,Present
20-02-2026,58,Present
20-02-2026,59,Present
20-02-2026,60,Present
20-02-2026,61,Present
20-02-2026,62,Present
20-02-2026,63,Present
20-02-2026,64,Absent
20-02-2026,65,Present
20-02-2026,66,Present
20-02-2026,67,Present
20-02-2026,68,Present
20-02-2026,69,Present
20-02-2026,70,Present
20-02-2026,71,Present
20-02-2026,72,Present
20-02-2026,73,Present
20-02-2026,74,Absent
20-02-2026,75,Present
20-02-2026,76,Present
20-02-2026,77,Present
20-02-2026,78,Present
20-02-2026,79,Absent
20-02-2026,80,Present
20-02-2026,81,Present
20-02-2026,82,Present
20-02-2026,83,Present
20-02-2026,84,Present
20-02-2026,85,Present
20-02-2026,86,Present
20-02-2026,87,Present
20-02-2026,88,Absent
20-02-2026,89,Present
20-02-2026,90,Present
20-02-2026,91,Present
20-02-2026,92,Present
20-02-2026,93,Absent
20-02-2026,94,Present
20-02-2026,95,Present
20-02-2026,96,Present
20-02-2026,97,Present
20-02-2026,98,Absent
20-02-2026,99,Present
20-02-2026,100,Present
19-02-2026,1,Present
19-02-2026,2,Present
19-02-2026,3,Present
19-02-2026,4,Present
19-02-2026,5,Present
19-02-2026,6,Present
19-02-2026,7,Present
19-02-2026,8,Present
19-02-2026,9,Present
19-02-2026,10,Present
19-02-2026,11,Absent
19-02-2026,12,Present
19-02-2026,13,Present
19-02-2026,14,Present
19-02-2026,15,Present
19-02-2026,16,Present
19-02-2026,17,Present
19-02-2026,18,Present
19-02-2026,19,Present
19-02-2026,20,Present
19-02-2026,21,Present
19-02-2026,22,Present
19-02-2026,23,Present
19-02-2026,24,Present
19-02-2026,25,Present
19-02-2026,26,Present
19-02-2026,27,Absent
19-02-2026,28,Present
19-02-2026,29,Present
19-02-2026,30,Present
19-02-2026,31,Present
19-02-2026,32,Present
19-02-2026,33,Present
19-02-2026,34,Present
19-02-2026,35,Present
19-02-2026,36,Present
19-02-2026,37,Present
19-02-2026,38,Present
19-02-2026,39,Present
19-02-2026,40,Absent
19-02-2026,41,Present
19-02-2026,42,Present
19-02-2026,43,Present
19-02-2026,44,Present
19-02-2026,45,Present
19-02-2026,46,Present
19-02-2026,47,Present
19-02-2026,48,Present
19-02-2026,49,Present
19-02-2026,50,Present
19-02-2026,51,Present
19-02-2026,52,Present
19-02-2026,53,Present
19-02-2026,54,Present
19-02-2026,55,Absent
19-02-2026,56,Present
19-02-2026,57,Present
19-02-2026,58,Present
19-02-2026,59,Present
19-02-2026,60,Present
19-02-2026,61,Present
19-02-2026,62,Present
19-02-2026,63,Present
19-02-2026,64,Present
19-02-2026,65,Present
19-02-2026,66,Present
19-02-2026,67,Present
19-02-2026,68,Present
19-02-2026,69,Present
19-02-2026,70,Present
19-02-2026,71,Present
19-02-2026,72,Present
19-02-2026,73,Present
19-02-2026,74,Present
19-02-2026,75,Absent
19-02-2026,76,Present
19-02-2026,77,Present
19-02-2026,78,Present
19-02-2026,79,Absent
19-02-2026,80,Present
19-02-2026,81,Absent
19-02-2026,82,Present
19-02-2026,83,Present
19-02-2026,84,Present
19-02-2026,85,Present
19-02-2026,86,Absent
19-02-2026,87,Present
19-02-2026,88,Present
19-02-2026,89,Present
19-02-2026,90,Present
19-02-2026,91,Present
19-02-2026,92,Present
19-02-2026,93,Absent
19-02-2026,94,Present
19-02-2026,95,Present
19-02-2026,96,Present
19-02-2026,97,Present
19-02-2026,98,Present
19-02-2026,99,Present
19-02-2026,100,Present
18-02-2026,1,Present
18-02-2026,2,Present
18-02-2026,3,Present
18-02-2026,4,Absent
18-02-2026,5,Present
18-02-2026,6,Present
18-02-2026,7,Present
18-02-2026,8,Present
18-02-2026,9,Absent
18-02-2026,10,Present
18-02-2026,11,Absent
18-02-2026,12,Present
18-02-2026,13,Present
18-02-2026,14,Absent
18-02-2026,15,Present
18-02-2026,16,Present
18-02-2026,17,Absent
18-02-2026,18,Present
18-02-2026,19,Present
18-02-2026,20,Absent
18-02-2026,21,Present
18-02-2026,22,Present
18-02-2026,23,Present
18-02-2026,24,Present
18-02-2026,25,Present
18-02-2026,26,Present
18-02-2026,27,Present
18-02-2026,28,Present
18-02-2026,29,Absent
18-02-2026,30,Present
18-02-2026,31,Present
18-02-2026,32,Present
18-02-2026,33,Present
18-02-2026,34,Present
18-02-2026,35,Present
18-02-2026,36,Present
18-02-2026,37,Present
18-02-2026,38,Present
18-02-2026,39,Absent
18-02-2026,40,Present
18-02-2026,41,Present
18-02-2026,42,Present
18-02-2026,43,Absent
18-02-2026,44,Present
18-02-2026,45,Absent
18-02-2026,46,Present
18-02-2026,47,Present
18-02-2026,48,Present
18-02-2026,49,Present
18-02-2026,50,Present
18-02-2026,51,Present
18-02-2026,52,Present
18-02-2026,53,Present
18-02-2026,54,Present
18-02-2026,55,Present
18-02-2026,56,Present
18-02-2026,57,Present
18-02-2026,58,Present
18-02-2026,59,Absent
18-02-2026,60,Absent
18-02-2026,61,Present
18-02-2026,62,Present
18-02-2026,63,Present
18-02-2026,64,Present
18-02-2026,65,Present
18-02-2026,66,Present
18-02-2026,67,Absent
18-02-2026,68,Absent
18-02-2026,69,Present
18-02-2026,70,Present
18-02-2026,71,Absent
18-02-2026,72,Present
18-02-2026,73,Absent
18-02-2026,74,Present
18-02-2026,75,Present
18-02-2026,76,Present
18-02-2026,77,Absent
18-02-2026,78,Present
18-02-2026,79,Present
18-02-2026,80,Present
18-02-2026,81,Absent
18-02-2026,82,Present
18-02-2026,83,Present
18-02-2026,84,Absent
18-02-2026,85,Present
18-02-2026,86,Absent
18-02-2026,87,Present
18-02-2026,88,Absent
18-02-2026,89,Present
18-02-2026,90,Present
18-02-2026,91,Present
18-02-2026,92,Present
18-02-2026,93,Present
18-02-2026,94,Present
18-02-2026,95,Absent
18-02-2026,96,Present
18-02-2026,97,Present
18-02-2026,98,Present
18-02-2026,99,Present
18-02-2026,100,Absent
17-02-2026,1,Present
17-02-2026,2,Absent
17-02-2026,3,Absent
17-02-2026,4,Present
17-02-2026,5,Present
17-02-2026,6,Present
17-02-2026,7,Absent
17-02-2026,8,Present
17-02-2026,9,Present
17-02-2026,10,Present
17-02-2026,11,Absent
17-02-2026,12,Present
17-02-2026,13,Present
17-02-2026,14,Present
17-02-2026,15,Present
17-02-2026,16,Absent
17-02-2026,17,Absent
17-02-2026,18,Present
17-02-2026,19,Present
17-02-2026,20,Absent
17-02-2026,21,Present
17-02-2026,22,Present
17-02-2026,23,Present
17-02-2026,24,Present
17-02-2026,25,Present
17-02-2026,26,Present
17-02-2026,27,Present
17-02-2026,28,Present
17-02-2026,29,Present
17-02-2026,30,Absent
17-02-2026,31,Present
17-02-2026,32,Present
17-02-2026,33,Absent
17-02-2026,34,Present
17-02-2026,35,Present
17-02-2026,36,Present
17-02-2026,37,Present
17-02-2026,38,Present
17-02-2026,39,Present
17-02-2026,40,Present
17-02-2026,41,Present
17-02-2026,42,Present
17-02-2026,43,Present
17-02-2026,44,Absent
17-02-2026,45,Absent
17-02-2026,46,Absent
17-02-2026,47,Present
17-02-2026,48,Present
17-02-2026,49,Present
17-02-2026,50,Present
17-02-2026,51,Present
17-02-2026,52,Present
17-02-2026,53,Present
17-02-2026,54,Present
17-02-2026,55,Present
17-02-2026,56,Present
17-02-2026,57,Present
17-02-2026,58,Present
17-02-2026,59,Present
17-02-2026,60,Present
17-02-2026,61,Present
17-02-2026,62,Present
17-02-2026,63,Present
17-02-2026,64,Present
17-02-2026,65,Present
17-02-2026,66,Present
17-02-2026,67,Present
17-02-2026,68,Present
17-02-2026,69,Present
17-02-2026,70,Present
17-02-2026,71,Present
17-02-2026,72,Present
17-02-2026,73,Present
17-02-2026,74,Present
17-02-2026,75,Present
17-02-2026,76,Present
17-02-2026,77,Present
17-02-2026,78,Present
17-02-2026,79,Present
17-02-2026,80,Present
17-02-2026,81,Absent
17-02-2026,82,Absent
17-02-2026,83,Present
17-02-2026,84,Absent
17-02-2026,85,Present
17-02-2026,86,Present
17-02-2026,87,Present
17-02-2026,88,Absent
17-02-2026,89,Present
17-02-2026,90,Present
17-02-2026,91,Present
17-02-2026,92,Absent
17-02-2026,93,Present
17-02-2026,94,Present
17-02-2026,95,Present
17-02-2026,96,Present
17-02-2026,97,Present
17-02-2026,98,Present
17-02-2026,99,Present
17-02-2026,100,Present
16-02-2026,1,Present
16-02-2026,2,Present
16-02-2026,3,Absent
16-02-2026,4,Absent
16-02-2026,5,Absent
16-02-2026,6,Present
16-02-2026,7,Present
16-02-2026,8,Present
16-02-2026,9,Present
16-02-2026,10,Present
16-02-2026,11,Present
16-02-2026,12,Present
16-02-2026,13,Present
16-02-2026,14,Absent
16-02-2026,15,Present
16-02-2026,16,Present
16-02-2026,17,Present
16-02-2026,18,Absent
16-02-2026,19,Present
16-02-2026,20,Absent
16-02-2026,21,Present
16-02-2026,22,Present
16-02-2026,23,Absent
16-02-2026,24,Present
16-02-2026,25,Present
16-02-2026,26,Present
16-02-2026,27,Present
16-02-2026,28,Present
16-02-2026,29,Present
16-02-2026,30,Absent
16-02-2026,31,Present
16-02-2026,32,Present
16-02-2026,33,Present
16-02-2026,34,Present
16-02-2026,35,Present
16-02-2026,36,Present
16-02-2026,37,Present
16-02-2026,38,Present
16-02-2026,39,Present
16-02-2026,40,Present
16-02-2026,41,Present
16-02-2026,42,Present
16-02-2026,43,Present
16-02-2026,44,Present
16-02-2026,45,Present
16-02-2026,46,Present
16-02-2026,47,Present
16-02-2026,48,Present
16-02-2026,49,Present
16-02-2026,50,Absent
16-02-2026,51,Present
16-02-2026,52,Present
16-02-2026,53,Absent
16-02-2026,54,Present
16-02-2026,55,Present
16-02-2026,56,Present
16-02-2026,57,Present
16-02-2026,58,Present
16-02-2026,59,Present
16-02-2026,60,Absent
16-02-2026,61,Present
16-02-2026,62,Present
16-02-2026,63,Present
16-02-2026,64,Absent
16-02-2026,65,Present
16-02-2026,66,Present
16-02-2026,67,Present
16-02-2026,68,Present
16-02-2026,69,Present
16-02-2026,70,Present
16-02-2026,71,Present
16-02-2026,72,Present
16-02-2026,73,Present
16-02-2026,74,Present
16-02-2026,75,Present
16-02-2026,76,Present
16-02-2026,77,Present
16-02-2026,78,Present
16-02-2026,79,Present
16-02-2026,80,Present
16-02-2026,81,Present
16-02-2026,82,Present
16-02-2026,83,Present
16-02-2026,84,Present
16-02-2026,85,Present
16-02-2026,86,Present
16-02-2026,87,Present
16-02-2026,88,Present
16-02-2026,89,Absent
16-02-2026,90,Present
16-02-2026,91,Present
16-02-2026,92,Present
16-02-2026,93,Present
16-02-2026,94,Present
16-02-2026,95,Present
16-02-2026,96,Present
16-02-2026,97,Absent
16-02-2026,98,Absent
16-02-2026,99,Present
16-02-2026,100,Absent
15-02-2026,1,Present
15-02-2026,2,Present
15-02-2026,3,Present
15-02-2026,4,Absent
15-02-2026,5,Present
15-02-2026,6,Present
15-02-2026,7,Present
15-02-2026,8,Present
15-02-2026,9,Present
15-02-2026,10,Present
15-02-2026,11,Present
15-02-2026,12,Absent
15-02-2026,13,Present
15-02-2026,14,Absent
15-02-2026,15,Present
15-02-2026,16,Present
15-02-2026,17,Absent
15-02-2026,18,Present
15-02-2026,19,Present
15-02-2026,20,Absent
15-02-2026,21,Present
15-02-2026,22,Absent
15-02-2026,23,Absent
15-02-2026,24,Absent
15-02-2026,25,Present
15-02-2026,26,Present
15-02-2026,27,Present
15-02-2026,28,Present
15-02-2026,29,Present
15-02-2026,30,Present
15-02-2026,31,Absent
15-02-2026,32,Present
15-02-2026,33,Present
15-02-2026,34,Present
15-02-2026,35,Present
15-02-2026,36,Present
15-02-2026,37,Present
15-02-2026,38,Present
15-02-2026,39,Present
15-02-2026,40,Present
15-02-2026,41,Present
15-02-2026,42,Absent
15-02-2026,43,Present
15-02-2026,44,Present
15-02-2026,45,Absent
15-02-2026,46,Absent
15-02-2026,47,Present
15-02-2026,48,Present
15-02-2026,49,Present
15-02-2026,50,Present
15-02-2026,51,Present
15-02-2026,52,Present
15-02-2026,53,Present
15-02-2026,54,Absent
15-02-2026,55,Present
15-02-2026,56,Present
15-02-2026,57,Present
15-02-2026,58,Present
15-02-2026,59,Present
15-02-2026,60,Present
15-02-2026,61,Present
15-02-2026,62,Present
15-02-2026,63,Present
15-02-2026,64,Present
15-02-2026,65,Present
15-02-2026,66,Absent
15-02-2026,67,Present
15-02-2026,68,Present
15-02-2026,69,Present
15-02-2026,70,Present
15-02-2026,71,Present
15-02-2026,72,Absent
15-02-2026,73,Absent
15-02-2026,74,Present
15-02-2026,75,Present
15-02-2026,76,Present
15-02-2026,77,Present
15-02-2026,78,Present
15-02-2026,79,Present
15-02-2026,80,Present
15-02-2026,81,Present
15-02-2026,82,Absent
15-02-2026,83,Present
15-02-2026,84,Present
15-02-2026,85,Present
15-02-2026,86,Present
15-02-2026,87,Present
15-02-2026,88,Absent
15-02-2026,89,Present
15-02-2026,90,Present
15-02-2026,91,Present
15-02-2026,92,Present
15-02-2026,93,Present
15-02-2026,94,Present
15-02-2026,95,Present
15-02-2026,96,Present
15-02-2026,97,Present
15-02-2026,98,Present
15-02-2026,99,Present
15-02-2026,100,Present
14-02-2026,1,Present
14-02-2026,2,Present
14-02-2026,3,Present
14-02-2026,4,Present
14-02-2026,5,Present
14-02-2026,6,Present
14-02-2026,7,Present
14-02-2026,8,Absent
14-02-2026,9,Present
14-02-2026,10,Present
14-02-2026,11,Present
14-02-2026,12,Present
14-02-2026,13,Present
14-02-2026,14,Present
14-02-2026,15,Absent
14-02-2026,16,Present
14-02-2026,17,Absent
14-02-2026,18,Present
14-02-2026,19,Absent
14-02-2026,20,Present
14-02-2026,21,Present
14-02-2026,22,Present
14-02-2026,23,Present
14-02-2026,24,Present
14-02-2026,25,Absent
14-02-2026,26,Present
14-02-2026,27,Present
14-02-2026,28,Absent
14-02-2026,29,Absent
14-02-2026,30,Absent
14-02-2026,31,Absent
14-02-2026,32,Absent
14-02-2026,33,Present
14-02-2026,34,Present
14-02-2026,35,Present
14-02-2026,36,Present
14-02-2026,37,Present
14-02-2026,38,Present
14-02-2026,39,Present
14-02-2026,40,Present
14-02-2026,41,Present
14-02-2026,42,Present
14-02-2026,43,Present
14-02-2026,44,Present
14-02-2026,45,Present
14-02-2026,46,Absent
14-02-2026,47,Present
14-02-2026,48,Present
14-02-2026,49,Present
14-02-2026,50,Present
14-02-2026,51,Present
14-02-2026,52,Present
14-02-2026,53,Present
14-02-2026,54,Present
14-02-2026,55,Present
14-02-2026,56,Present
14-02-2026,57,Absent
14-02-2026,58,Present
14-02-2026,59,Present
14-02-2026,60,Present
14-02-2026,61,Present
14-02-2026,62,Present
14-02-2026,63,Present
14-02-2026,64,Present
14-02-2026,65,Absent
14-02-2026,66,Present
14-02-2026,67,Present
14-02-2026,68,Present
14-02-2026,69,Present
14-02-2026,70,Present
14-02-2026,71,Present
14-02-2026,72,Present
14-02-2026,73,Present
14-02-2026,74,Present
14-02-2026,75,Present
14-02-2026,76,Absent
14-02-2026,77,Present
14-02-2026,78,Present
14-02-2026,79,Present
14-02-2026,80,Present
14-02-2026,81,Present
14-02-2026,82,Present
14-02-2026,83,Present
14-02-2026,84,Present
14-02-2026,85,Present
14-02-2026,86,Present
14-02-2026,87,Present
14-02-2026,88,Absent
14-02-2026,89,Present
14-02-2026,90,Present
14-02-2026,91,Present
14-02-2026,92,Present
14-02-2026,93,Present
14-02-2026,94,Present
14-02-2026,95,Present
14-02-2026,96,Absent
14-02-2026,97,Absent
14-02-2026,98,Present
14-02-2026,99,Present
14-02-2026,100,Present
